,PLACEKEY,SAFEGRAPH_BRAND_IDS,BRANDS,SPEND_DATE_RANGE_START,SPEND_DATE_RANGE_END,RAW_TOTAL_SPEND,RAW_NUM_TRANSACTIONS,RAW_NUM_CUSTOMERS,MEDIAN_SPEND_PER_TRANSACTION,MEDIAN_SPEND_PER_CUSTOMER,SPEND_PER_TRANSACTION_PERCENTILES,SPEND_BY_DAY,SPEND_PER_TRANSACTION_BY_DAY,SPEND_BY_DAY_OF_WEEK,DAY_COUNTS,SPEND_PCT_CHANGE_VS_PREV_MONTH,SPEND_PCT_CHANGE_VS_PREV_YEAR,ONLINE_TRANSACTIONS,ONLINE_SPEND,TRANSACTION_INTERMEDIARY,SPEND_BY_TRANSACTION_INTERMEDIARY,BUCKETED_CUSTOMER_FREQUENCY,MEAN_SPEND_PER_CUSTOMER_BY_FREQUENCY,BUCKETED_CUSTOMER_INCOMES,MEAN_SPEND_PER_CUSTOMER_BY_INCOME,CUSTOMER_HOME_CITY,RELATED_CROSS_SHOPPING_PHYSICAL_BRANDS_PCT,RELATED_CROSS_SHOPPING_ONLINE_MERCHANTS_PCT,RELATED_CROSS_SHOPPING_SAME_CATEGORY_BRANDS_PCT,RELATED_CROSS_SHOPPING_LOCAL_BRANDS_PCT,RELATED_WIRELESS_CARRIER_PCT,RELATED_STREAMING_CABLE_PCT,RELATED_DELIVERY_SERVICE_PCT,RELATED_RIDESHARE_SERVICE_PCT,RELATED_BUYNOWPAYLATER_SERVICE_PCT,RELATED_PAYMENT_PLATFORM_PCT
164847,223-222@5sy-d6f-dy9,,,2022-05-01,2022-06-01,779.62,11,11,80.17,80.17,"{""25"":52.78,""75"":91.98}","[0.00,0.00,0.00,0.00,0.00,0.00,0.00,0.00,0.00,0.00,0.00,0.00,0.00,0.00,0.00,0.00,0.00,0.00,0.00,0.00,0.00,0.00,0.00,0.00,0.00,55.40,61.93,264.08,248.40,97.03,52.78]","[null,null,null,null,null,null,null,null,null,null,null,null,null,null,null,null,null,null,null,null,null,null,null,null,null,27.70,61.93,86.05,80.17,97.03,52.78]","{""Monday"":97.03,""Tuesday"":52.78,""Wednesday"":0.00,""Thursday"":55.40,""Friday"":61.93,""Saturday"":264.08,""Sunday"":248.40}","{""Wednesday"":4,""Monday"":5,""Saturday"":4,""Thursday"":4,""Tuesday"":5,""Friday"":4,""Sunday"":5}",,147.0,0,0.0,"{""No intermediary"":11}","{""No intermediary"":779.62}","{""1"":11,""2"":0,""3"":0,""4"":0,""5-10"":0,"">10"":0}","{""1"":70.87,""2"":null,""3"":null,""4"":null,""5-10"":null,"">10"":null}","{""25-45k"":2,""60-75k"":2,""100-150k"":2,"">150k"":5}","{""25-45k"":83.65,""60-75k"":16.59,""100-150k"":86.05,"">150k"":68.00}","{""South Jordan, UT"":4,""Salt Lake City, UT"":2,""Cooke City, MT"":2,""Belgrade, MT"":2,""Emigrant, MT"":2,""Baton Rouge, LA"":2,""Clifton Park, NY"":2,""Greer, SC"":2,""Ashton, ID"":2,""Glendale, AZ"":2}","{""Walmart"":55,""Chevron"":37,""Costco"":37,""Shell Oil"":37,""Verizon Wireless"":28,""Olive Garden"":28,""Albertsons"":28,""Wendy's"":28,""ConocoPhillips"":28,""Walgreens"":28,""McDonald's"":28,""Exxon Mobil"":28,""STIHL"":19,""Chili's Grill & Bar"":19,""Target"":19,""Sprouts Farmers Market"":19,""Barnes and Noble"":19,""Travelodge"":19,""Jersey Mike's"":19,""Lowe's"":19}","{""Amazon"":46,""Apple"":46,""Netflix"":46,""Amazon Digital Services"":37,""Target"":19,""Expedia"":19,""Belk"":10,""Verizon Wireless"":10,""King"":10,""Uber"":10,""Torrid"":10,""HBO Max"":10,""YouTube TV"":10,""Chewy"":10,""Sirius XM"":10,""Williams-Sonoma"":10,""Coinbase"":10,""Straight Talk"":10,""Delta Air Lines"":10,""Dish Network"":10}","{""Olive Garden"":28,""Wendy's"":28,""McDonald's"":28,""Chili's Grill & Bar"":19,""Jersey Mike's"":19,""Starbucks"":19,""Chick-fil-A"":19,""Noodles & Company"":19,""Arby's"":19,""Sonic"":10,""Schlotzsky's"":10,""Jimmy John's"":10,""Chipotle Mexican Grill"":10,""Jamba"":10,""Eggs Up Grill"":10,""Biscuits Cafe"":10,""Domino's Pizza"":10,""Taco Bell"":10,""Taco John's"":10,""El Pollo Loco"":10}","{""Exxon Mobil"":10}","{""Verizon Wireless"":37,""T-Mobile"":10,""Straight Talk"":10,""Cricket Wireless"":10}","{""Netflix"":46,""Redbox"":19,""HBO Max"":10,""YouTube TV"":10,""Dish Network"":10,""Hulu"":10,""DirecTV"":10}",{},"{""Uber"":10}","{""Afterpay"":10,""Progressive Leasing"":10}",{}
165374,223-222@5sy-d6f-nnq,,,2022-05-01,2022-06-01,821.9,9,8,34.08,33.69,"{""25"":29.28,""75"":155.04}","[0.00,0.00,0.00,0.00,0.00,0.00,0.00,0.00,0.00,0.00,34.08,0.00,0.00,0.00,0.00,0.00,0.00,24.00,0.00,0.00,0.00,0.00,327.80,0.00,343.36,0.00,0.00,0.00,34.10,0.00,58.56]","[null,null,null,null,null,null,null,null,null,null,34.08,null,null,null,null,null,null,24.00,null,null,null,null,327.80,null,143.19,null,null,null,34.10,null,29.28]","{""Monday"":327.80,""Tuesday"":58.56,""Wednesday"":401.44,""Thursday"":0.00,""Friday"":0.00,""Saturday"":0.00,""Sunday"":34.10}","{""Wednesday"":4,""Monday"":5,""Saturday"":4,""Thursday"":4,""Tuesday"":5,""Friday"":4,""Sunday"":5}",168.0,-51.0,0,0.0,"{""No intermediary"":9}","{""No intermediary"":821.90}","{""1"":7,""2"":1,""3"":0,""4"":0,""5-10"":0,"">10"":0}","{""1"":73.12,""2"":310.07,""3"":null,""4"":null,""5-10"":null,"">10"":null}","{""25-45k"":2,""75-100k"":2,"">150k"":4}","{""25-45k"":30.62,""75-100k"":34.08,"">150k"":173.99}","{""Seattle, WA"":3,""Beulaville, NC"":2,""Montpelier, ID"":2,""Gilbert, AZ"":2,""Wappingers Falls, NY"":2,""Newnan, GA"":2,""Billings, MT"":2}","{""Exxon Mobil"":75,""Walmart"":63,""McDonald's"":63,""Albertsons"":38,""The Home Depot"":38,""Hobby Lobby Stores"":38,""Dollar General"":38,""Wendy's"":38,""Academy Sports + Outdoors"":38,""Walgreens"":38,""United States Postal Service (USPS)"":38,""CVS"":38,""Bojangles'"":38,""Target"":25,""Chevron"":25,""Harbor Freight Tools"":25,""Scheels"":25,""Old Navy"":25,""T.J. Maxx"":25,""First Watch Restaurants"":25}","{""Amazon"":88,""Spotify"":50,""Amazon Digital Services"":50,""Walmart"":38,""Apple"":38,""Netflix"":38,""New York Times"":38,""Etsy"":25,""Target"":25,""Verizon Wireless"":25,""Sirius XM"":25,""The Home Depot"":25,""Pandora"":25,""Hulu"":25,""JCPenney"":25,""Amazon Marketplace"":25,""Sling TV"":13,""DoorDash"":13,""Chewy"":13,""Gold's Gym"":13}","{""Quality Inn"":25,""Travelodge"":13,""Hampton"":13,""Comfort Suites"":13,""Days Inn"":13,""Country Inn & Suites By Radisson"":13}","{""Exxon Mobil"":38}","{""Verizon Wireless"":38,""AT&T"":13,""T-Mobile"":13}","{""Netflix"":38,""Hulu"":25,""Sling TV"":13,""Youtube"":13,""Dish Network"":13,""Disney Plus"":13}","{""DoorDash"":13}",{},{},{}
166811,223-222@5sy-d6f-dy9,,,2022-06-01,2022-07-01,2787.05,55,28,39.35,64.68,"{""25"":22.09,""75"":50.89}","[16.12,140.65,187.99,60.70,173.95,160.03,0.00,0.00,224.70,163.27,0.00,0.00,364.28,123.51,0.00,0.00,64.58,0.00,0.00,134.92,558.76,43.80,0.00,63.96,0.00,0.00,43.58,218.27,0.00,43.98]","[16.12,32.75,93.99,60.70,25.84,21.63,null,null,37.93,43.21,null,null,34.76,44.07,null,null,64.58,null,null,134.92,46.43,43.80,null,31.98,null,null,43.58,109.14,null,43.98]","{""Monday"":702.81,""Tuesday"":900.54,""Wednesday"":59.92,""Thursday"":409.33,""Friday"":479.80,""Saturday"":60.70,""Sunday"":173.95}","{""Wednesday"":5,""Monday"":4,""Saturday"":4,""Thursday"":5,""Tuesday"":4,""Friday"":4,""Sunday"":4}",257.0,-27.0,0,0.0,"{""No intermediary"":55}","{""No intermediary"":2787.05}","{""1"":18,""2"":6,""3"":2,""4"":1,""5-10"":0,"">10"":1}","{""1"":63.98,""2"":136.49,""3"":85.35,""4"":105.39,""5-10"":null,"">10"":540.33}","{""<25k"":2,""25-45k"":5,""45-60k"":4,""60-75k"":4,""75-100k"":2,""100-150k"":2,"">150k"":9}","{""<25k"":44.64,""25-45k"":102.04,""45-60k"":67.78,""60-75k"":85.57,""75-100k"":106.27,""100-150k"":35.46,"">150k"":137.14}","{""Cypress, TX"":4,""Tempe, AZ"":3,""Beavercreek, OH"":2,""Huntsville, AL"":2,""Greybull, WY"":2,""Dumfries, VA"":2,""Morgan, UT"":2,""Fuquay Varina, NC"":2,""Dothan, AL"":2,""West Chester, PA"":2,""Coeur D Alene, ID"":2,""Boise, ID"":2,""Emigrant, MT"":2,""Bozeman, MT"":2,""Layton, UT"":2,""Nampa, ID"":2,""Aurora, CO"":2,""Orem, UT"":2,""Glendale, AZ"":2,""Idaho Falls, ID"":2,""Bryans Road, MD"":2,""Bonneauville, PA"":2}","{""Walmart"":83,""McDonald's"":68,""Target"":50,""Maverik"":47,""Chevron"":36,""Lowe's"":36,""ConocoPhillips"":36,""Costco"":36,""Albertsons"":33,""Wendy's"":33,""Exxon Mobil"":33,""Taco Bell"":29,""Starbucks"":29,""Chick-fil-A"":29,""Shell Oil"":29,""Subway"":29,""WinCo Foods"":25,""The Home Depot"":25,""Verizon Wireless"":22,""Domino's Pizza"":22}","{""Amazon"":72,""Apple"":50,""Netflix"":43,""Verizon Wireless"":22,""Walmart"":18,""Target"":18,""ExxonMobil"":18,""Spotify"":18,""Amazon Digital Services"":15,""Comcast"":15,""Planet Fitness"":11,""Google"":11,""Maverik"":11,""Dashpass"":11,""Hulu"":11,""Bath & Body Works"":11,""Costa Vida"":11,""AT&T"":11,""Amazon Marketplace"":11,""ADT Security Services"":8}","{""McDonald's"":68,""Wendy's"":33,""Taco Bell"":29,""Starbucks"":29,""Chick-fil-A"":29,""Subway"":29,""Domino's Pizza"":22,""Panda Express"":22,""Little Caesars"":18,""Chipotle Mexican Grill"":15,""Dairy Queen"":15,""Cafe Rio"":15,""MOD Pizza"":11,""KFC"":11,""Wingstop"":11,""Panera Bread"":11,""Burger King"":11,""Costa Vida"":11,""Dunkin'"":11,""Sonic"":8}","{""Exxon Mobil"":15}","{""Verizon Wireless"":43,""AT&T"":11,""Straight Talk"":4,""Sprint"":4,""T-Mobile"":4}","{""Netflix"":43,""Disney Plus"":15,""Hulu"":11,""Roku"":8,""HBO Max"":8,""Redbox"":8,""YouTube TV"":4,""Funimation"":4,""Dish Network"":4}","{""Dashpass"":11,""HelloFresh"":4}","{""Uber"":4}","{""Affirm.com"":4,""Klarna"":4,""Progressive Leasing"":4}","{""Apple Card"":4,""Apple Cash"":4}"
167904,223-222@5sy-d6f-rzf,SG_BRAND_a144a8c10e1fe8006125571afd1a1e80,Exxon Mobil,2022-05-01,2022-06-01,951.44,29,24,17.7,12.25,"{""25"":5.20,""75"":59.55}","[0.00,0.00,0.00,0.00,0.00,0.00,0.00,4.60,0.00,0.00,0.00,0.00,121.49,0.00,0.00,66.33,0.00,0.00,0.00,43.20,111.57,223.27,60.84,52.96,10.40,0.00,26.60,0.00,21.00,0.00,209.18]","[null,null,null,null,null,null,null,4.60,null,null,null,null,12.24,null,null,66.33,null,null,null,43.20,111.57,94.02,30.42,26.48,5.20,null,6.50,null,21.00,null,26.27]","{""Monday"":127.17,""Tuesday"":262.14,""Wednesday"":10.40,""Thursday"":0.00,""Friday"":191.29,""Saturday"":111.57,""Sunday"":248.87}","{""Wednesday"":4,""Monday"":5,""Saturday"":4,""Thursday"":4,""Tuesday"":5,""Friday"":4,""Sunday"":5}",221.0,-26.0,0,0.0,"{""No intermediary"":29}","{""No intermediary"":951.44}","{""1"":19,""2"":5,""3"":0,""4"":0,""5-10"":0,"">10"":0}","{""1"":27.09,""2"":87.34,""3"":null,""4"":null,""5-10"":null,"">10"":null}","{""<25k"":2,""25-45k"":6,""45-60k"":2,""60-75k"":2,""100-150k"":4,"">150k"":8}","{""<25k"":2.15,""25-45k"":7.40,""45-60k"":9.00,""60-75k"":34.42,""100-150k"":58.74,"">150k"":54.60}","{""Folsom, CA"":5,""South Jordan, UT"":4,""Beulaville, NC"":3,""Kernersville, NC"":2,""Durham, NC"":2,""Tempe, AZ"":2,""Boaz, AL"":2,""Pleasant Grove, UT"":2,""Monroe, LA"":2,""State College, PA"":2,""Boise, ID"":2,""Cedar City, UT"":2,""Ammon, ID"":2,""Newnan, GA"":2,""Colorado Springs, CO"":2,""Tallahassee, FL"":2,""Luther, MT"":2,""Cumming, GA"":2,""Logan, UT"":2,""Granger, IN"":2}","{""Walmart"":67,""McDonald's"":55,""Chevron"":46,""ConocoPhillips"":34,""Target"":30,""Maverik"":30,""Shell Oil"":30,""Starbucks"":25,""Wendy's"":25,""CVS"":25,""Phillips 66"":25,""Subway"":25,""Albertsons"":21,""Taco Bell"":21,""The Home Depot"":21,""Hobby Lobby Stores"":21,""Love's Travel Stops and Country Stores"":21,""Costco"":21,""Walgreens"":21,""Loaf 'N Jug"":17}","{""Amazon"":55,""Apple"":46,""Spotify"":34,""Walmart"":25,""Sirius XM"":21,""Google"":21,""Netflix"":21,""Hulu"":21,""Amazon Digital Services"":21,""Etsy"":17,""Uber"":17,""Kohl's"":17,""Maverik"":17,""AT&T"":17,""ADT Security Services"":13,""Target"":13,""Verizon Wireless"":13,""Planet Fitness"":13,""Roku"":13,""Adobe Systems"":13}","{""Chevron"":46,""ConocoPhillips"":34,""Shell Oil"":30,""Phillips 66"":25,""Love's Travel Stops and Country Stores"":21,""Loaf 'N Jug"":17,""Speedway"":17,""Holiday Station"":13,""Sheetz"":13,""Marathon"":13,""RaceTrac"":9,""Texaco"":9,""Stinker Stores"":9,""Fas Mart"":5,""Murphy USA"":5,""Minuteman Food Mart"":5,""Buc-ee's"":5,""Kroger Fuel Center"":5,""QuikTrip"":5,""Holiday Oil"":5}",{},"{""Verizon Wireless"":25,""AT&T"":21,""T-Mobile"":9,""Google Fi"":5,""Cricket Wireless"":5,""Straight Talk"":5}","{""Netflix"":21,""Hulu"":21,""Roku"":13,""Disney Plus"":13,""Sling TV"":5,""HBO Max"":5,""Redbox"":5,""DirecTV"":5}","{""Instacart"":5,""Uber Eats"":5,""DoorDash"":5}","{""Uber"":17,""Lyft"":5}","{""Afterpay"":5,""Klarna"":5}","{""Apple Card"":5}"
170161,zzw-222@5sy-d6f-f2k,,,2022-05-01,2022-06-01,669.57,18,12,32.63,41.75,"{""25"":28.28,""75"":45.63}","[30.00,67.77,0.00,0.00,31.77,0.00,0.00,0.00,0.00,0.00,0.00,0.00,30.00,0.00,0.00,96.00,45.50,25.75,51.25,102.56,0.00,0.00,29.12,0.00,46.00,0.00,11.10,25.00,77.75,0.00,0.00]","[30.00,33.89,null,null,31.77,null,null,null,null,null,null,null,30.00,null,null,48.00,45.50,25.75,51.25,51.28,null,null,29.12,null,46.00,null,11.10,25.00,38.88,null,null]","{""Monday"":192.89,""Tuesday"":45.50,""Wednesday"":71.75,""Thursday"":83.02,""Friday"":143.66,""Saturday"":25.00,""Sunday"":107.75}","{""Wednesday"":4,""Monday"":5,""Saturday"":4,""Thursday"":4,""Tuesday"":5,""Friday"":4,""Sunday"":5}",,155.0,0,0.0,"{""No intermediary"":18}","{""No intermediary"":669.57}","{""1"":11,""2"":0,""3"":0,""4"":0,""5-10"":1,"">10"":0}","{""1"":42.47,""2"":null,""3"":null,""4"":null,""5-10"":202.39,"">10"":null}","{""<25k"":2,""25-45k"":2,""45-60k"":2,""75-100k"":2,""100-150k"":2,"">150k"":4}","{""<25k"":38.50,""25-45k"":27.06,""45-60k"":33.25,""75-100k"":45.50,""100-150k"":60.94,"">150k"":92.30}","{""Cooke City, MT"":4,""Cody, WY"":2,""Rancho Mirage, CA"":2,""Whitefish, MT"":2,""Kibler, AR"":2,""Emigrant, MT"":2,""Sun City, AZ"":2,""Baton Rouge, LA"":2,""Logan, UT"":2}","{""Walmart"":59,""McDonald's"":59,""Exxon Mobil"":50,""Wendy's"":42,""Walgreens"":42,""Chevron"":34,""ConocoPhillips"":34,""Costco"":34,""Albertsons"":25,""Holiday Station"":25,""Love's Travel Stops and Country Stores"":25,""Shell Oil"":25,""Subway"":25,""Arby's"":25,""Petco"":17,""Verizon Wireless"":17,""Barnes and Noble"":17,""Bomgaars"":17,""Domino's Pizza"":17,""WinCo Foods"":17}","{""Amazon"":59,""Apple"":42,""Airbnb"":25,""Netflix"":25,""Spotify"":25,""Amazon Digital Services"":25,""Amazon Marketplace"":25,""Target"":17,""Steam"":17,""eBay"":17,""Uber Eats"":17,""Earnin"":17,""Etsy"":9,""Walmart"":9,""Little Caesars"":9,""Planet Fitness"":9,""Torrid"":9,""HBO Max"":9,""YouTube TV"":9,""Fandango"":9}","{""McDonald's"":59,""Wendy's"":42,""Subway"":25,""Arby's"":25,""Domino's Pizza"":17,""Starbucks"":17,""Jack in the Box"":17,""Panera Bread"":17,""Dairy Queen"":17,""Outback Steakhouse"":17,""Sonic"":9,""Little Caesars"":9,""California Pizza Kitchen"":9,""Culinary Dropout"":9,""Jamba"":9,""Olive Garden"":9,""Coffee & Bagels"":9,""Taco John's"":9,""Paris Baguette"":9,""City Brew"":9}","{""Exxon Mobil"":17}","{""T-Mobile"":25,""Verizon Wireless"":17,""AT&T"":9,""Straight Talk"":9}","{""Netflix"":25,""HBO Max"":9,""YouTube TV"":9,""Hulu"":9,""Disney Plus"":9}","{""Uber Eats"":17}",{},"{""Progressive Leasing"":9}",{}
170289,223-222@5sy-d6f-rzf,SG_BRAND_a144a8c10e1fe8006125571afd1a1e80,Exxon Mobil,2022-07-01,2022-08-01,2127.71,53,42,29.18,31.1,"{""25"":14.25,""75"":54.30}","[112.64,29.04,3.00,105.58,36.86,0.00,79.05,0.00,10.80,287.43,33.10,0.00,0.00,25.00,38.84,237.88,170.44,102.00,58.51,0.00,0.00,27.92,108.60,96.52,203.05,0.00,81.97,13.02,57.01,181.14,28.31]","[112.64,14.52,3.00,105.58,18.43,null,39.53,null,10.80,78.76,33.10,null,null,12.50,38.84,14.58,65.50,45.00,29.26,null,null,27.92,54.30,26.14,40.00,null,40.99,13.02,57.01,29.18,14.16]","{""Monday"":443.73,""Tuesday"":95.37,""Wednesday"":81.97,""Thursday"":117.07,""Friday"":236.41,""Saturday"":567.46,""Sunday"":585.70}","{""Wednesday"":4,""Monday"":4,""Saturday"":5,""Thursday"":4,""Tuesday"":4,""Friday"":5,""Sunday"":5}",19.0,-72.0,7,217.41,"{""No intermediary"":53}","{""No intermediary"":2127.71}","{""1"":34,""2"":7,""3"":0,""4"":0,""5-10"":1,"">10"":0}","{""1"":33.81,""2"":83.43,""3"":null,""4"":null,""5-10"":394.30,"">10"":null}","{""<25k"":2,""25-45k"":5,""45-60k"":2,""60-75k"":6,""75-100k"":2,""100-150k"":8,"">150k"":16}","{""<25k"":26.30,""25-45k"":35.26,""45-60k"":14.09,""60-75k"":59.83,""75-100k"":47.34,""100-150k"":98.03,"">150k"":50.47}","{""Billings, MT"":4,""Roy, UT"":3,""Cody, WY"":3,""Idaho Falls, ID"":3,""Saint Paul, MN"":2,""Driggs, ID"":2,""Niceville, FL"":2,""Chicago, IL"":2,""Fresno, CA"":2,""Victor, ID"":2,""Gilbert, AZ"":2,""Meridian, ID"":2,""Harrisville, UT"":2,""Ogden, UT"":2,""Pocatello, ID"":2,""Clearfield, UT"":2,""Midlothian, VA"":2,""State College, PA"":2,""Alpharetta, GA"":2,""Butte, MT"":2,""Colorado Springs, CO"":2,""Chubbuck, ID"":2,""Erda, UT"":2,""Deadwood, SD"":2,""Dallas, TX"":2,""Baldwin, NY"":2,""Burley, ID"":2,""Cullman, AL"":2,""Ypsilanti, MI"":2,""Luther, MT"":2,""Whippany, NJ"":2}","{""Walmart"":70,""McDonald's"":53,""Albertsons"":41,""Maverik"":41,""ConocoPhillips"":39,""Shell Oil"":39,""Chevron"":29,""Costco"":29,""Walgreens"":27,""Target"":20,""Wendy's"":20,""Ace Hardware"":20,""Subway"":20,""Arby's"":20,""Taco Bell"":17,""Lowe's"":17,""Holiday Station"":17,""Dairy Queen"":17,""Verizon Wireless"":15,""The Home Depot"":15}","{""Amazon"":55,""Apple"":43,""Netflix"":27,""Spotify"":22,""Amazon Digital Services"":22,""Google"":17,""AT&T"":17,""Walmart"":15,""Sirius XM"":15,""Maverik"":15,""Hulu"":15,""Audible"":15,""Comcast"":15,""Target"":12,""Airbnb"":12,""Dashpass"":10,""Papa Murphy's"":8,""Uber"":8,""Fandango"":8,""Google Storage"":8}","{""ConocoPhillips"":41,""Shell Oil"":39,""Chevron"":29,""Phillips 66"":20,""Holiday Station"":17,""Stinker Stores"":15,""Love's Travel Stops and Country Stores"":12,""TownPump Convenience Stores"":8,""Speedway"":8,""Pilot Flying J"":8,""ARCO"":8,""Good 2 Go Stores"":8,""Mr Gas"":5,""Loaf 'N Jug"":5,""Texaco"":5,""Marathon"":5,""BP"":3,""CEFCO"":3,""Yesway Convenience"":3,""Sheetz"":3}",{},"{""AT&T"":24,""Verizon Wireless"":17,""T-Mobile"":10,""Disney Mobile"":3}","{""Netflix"":27,""Hulu"":15,""Disney Plus"":8,""YouTube TV"":3,""Amazon Prime"":3,""Amazon Prime Video"":3,""Youtube Premium"":3,""Starz"":3}","{""Dashpass"":10,""Uber Eats"":8,""DoorDash"":3}","{""Uber"":8}","{""Afterpay"":5}","{""Apple Card"":3,""Apple Cash"":3}"
171849,zzw-222@5sy-d6f-f2k,,,2022-06-01,2022-07-01,806.79,23,15,31.0,31.75,"{""25"":21.85,""75"":38.38}","[15.00,88.12,56.68,0.00,31.75,13.00,31.00,0.00,0.00,0.00,0.00,64.60,274.00,51.00,0.00,0.00,0.00,0.00,0.00,0.00,0.00,21.85,18.60,0.00,0.00,0.00,0.00,18.58,76.70,45.91]","[15.00,30.74,28.34,null,31.75,13.00,31.00,null,null,null,null,32.30,33.00,51.00,null,null,null,null,null,null,null,21.85,18.60,null,null,null,null,18.58,76.70,45.91]","{""Monday"":287.00,""Tuesday"":100.58,""Wednesday"":113.55,""Thursday"":152.63,""Friday"":56.68,""Saturday"":0.00,""Sunday"":96.35}","{""Wednesday"":5,""Monday"":4,""Saturday"":4,""Thursday"":5,""Tuesday"":4,""Friday"":4,""Sunday"":4}",20.0,-41.0,0,0.0,"{""No intermediary"":23}","{""No intermediary"":806.79}","{""1"":11,""2"":3,""3"":0,""4"":0,""5-10"":1,"">10"":0}","{""1"":33.68,""2"":91.33,""3"":null,""4"":null,""5-10"":162.32,"">10"":null}","{""45-60k"":2,""60-75k"":3,""75-100k"":9,""100-150k"":6,"">150k"":2}","{""45-60k"":22.38,""60-75k"":52.50,""75-100k"":87.65,""100-150k"":40.16,"">150k"":68.55}","{""Colorado Springs, CO"":6,""Bozeman, MT"":5,""Glendale, AZ"":4,""Vails Gate, NY"":3,""Louisa, VA"":2,""Fuquay Varina, NC"":2,""Charlotte, NC"":2,""Emigrant, MT"":2,""Chubbuck, ID"":2,""San Jacinto, CA"":2,""Cape Coral, FL"":2,""Mount Pleasant, SC"":2,""Scottsdale, AZ"":2,""Burlington, VT"":2,""Idaho Falls, ID"":2}","{""Walmart"":74,""Exxon Mobil"":40,""Shell Oil"":40,""McDonald's"":34,""Target"":27,""Verizon Wireless"":27,""Ace Hardware"":27,""The Home Depot"":20,""Safeway"":20,""Dollar General"":20,""ConocoPhillips"":20,""United States Postal Service (USPS)"":20,""CVS"":20,""Subway"":20,""Little Caesars"":14,""Old Chicago Pizza and Taproom"":14,""Kwik Trip"":14,""CenturyLink"":14,""Great Clips"":14,""Albertsons"":14}","{""Amazon"":54,""Apple"":34,""Netflix"":34,""Verizon Wireless"":20,""Apple Card"":20,""Amazon Digital Services"":20,""AT&T"":20,""Audible"":20,""Amazon Marketplace"":20,""L.L.Bean"":14,""Target"":14,""The Home Depot"":14,""Costco"":14,""ExxonMobil"":14,""Hulu"":14,""U-Haul"":14,""Amazon Kindle"":14,""Etsy"":7,""Belk"":7,""Walmart"":7}","{""McDonald's"":34,""Subway"":20,""Little Caesars"":14,""Old Chicago Pizza and Taproom"":14,""Starbucks"":14,""Wendy's"":14,""Panera Bread"":14,""Dairy Queen"":14,""Arby's"":14,""Jimmy John's"":7,""Papa Murphy's"":7,""The Cheesecake Factory"":7,""Domino's Pizza"":7,""Ruby Tuesday"":7,""Your Pie"":7,""KFC"":7,""City Barbeque"":7,""Culver's"":7,""Panda Express"":7,""Cracker Barrel"":7}","{""Exxon Mobil"":14}","{""Verizon Wireless"":40,""AT&T"":27,""Straight Talk"":14}","{""Netflix"":34,""Hulu"":14,""Amazon Prime Video"":7,""HBO Max"":7}","{""HelloFresh"":7,""Instacart"":7}",{},"{""Afterpay"":7,""Progressive Leasing"":7}","{""Apple Card"":20}"
171976,223-222@5sy-d6f-nnq,,,2022-06-01,2022-07-01,884.85,10,9,71.93,76.77,"{""25"":29.75,""75"":88.56}","[0.00,0.00,0.00,16.00,0.00,153.54,119.94,59.00,356.16,0.00,67.09,78.10,0.00,0.00,0.00,0.00,0.00,0.00,0.00,0.00,0.00,0.00,0.00,0.00,0.00,0.00,0.00,35.02,0.00,0.00]","[null,null,null,16.00,null,76.77,119.94,29.50,356.16,null,67.09,78.10,null,null,null,null,null,null,null,null,null,null,null,null,null,null,null,35.02,null,null]","{""Monday"":153.54,""Tuesday"":154.96,""Wednesday"":59.00,""Thursday"":356.16,""Friday"":0.00,""Saturday"":83.09,""Sunday"":78.10}","{""Wednesday"":5,""Monday"":4,""Saturday"":4,""Thursday"":5,""Tuesday"":4,""Friday"":4,""Sunday"":4}",8.0,-79.0,0,0.0,"{""No intermediary"":10}","{""No intermediary"":884.85}","{""1"":8,""2"":1,""3"":0,""4"":0,""5-10"":0,"">10"":0}","{""1"":62.34,""2"":386.16,""3"":null,""4"":null,""5-10"":null,"">10"":null}","{""<25k"":2,""60-75k"":2,""100-150k"":2,"">150k"":8}","{""<25k"":76.77,""60-75k"":16.00,""100-150k"":35.02,"">150k"":126.18}","{""Jamison, PA"":2,""Rehoboth Beach, DE"":2,""Harvey, LA"":2,""Johnson City, NY"":2,""Spokane, WA"":2,""Layton, UT"":2,""Lufkin, TX"":2,""Bridger, MT"":2}","{""Walmart"":89,""McDonald's"":67,""The Home Depot"":56,""ConocoPhillips"":56,""Maverik"":56,""Costco"":56,""Chick-fil-A"":45,""Sam's Club"":45,""Chipotle Mexican Grill"":34,""Casey's General Stores"":34,""Lowe's"":34,""7-Eleven"":34,""Starbucks"":34,""Love's Travel Stops and Country Stores"":34,""CVS"":34,""Phillips 66"":34,""AutoZone"":34,""Sonic"":23,""Cinnabon"":23,""Great Clips"":23}","{""Apple"":56,""Spotify"":45,""Microsoft Ultimate"":45,""Comcast"":45,""Amazon"":34,""Sirius XM"":34,""Netflix"":34,""Amazon Digital Services"":34,""AT&T"":34,""Walmart"":23,""Lyft"":23,""Wayfair"":23,""Hulu"":23,""ParkMobile"":23,""Audible"":23,""Little Caesars"":12,""Target"":12,""Verizon Wireless"":12,""Chipotle Mexican Grill"":12,""Planet Fitness"":12}","{""Fairfield Inn & Suites by Marriott"":12,""St. Regis"":12,""Sheraton Hotels & Resorts"":12,""Comfort Suites"":12}",{},"{""AT&T"":34,""Verizon Wireless"":23}","{""Netflix"":34,""Disney Plus"":34,""Hulu"":23,""Funimation"":12,""Dish Network"":12,""Redbox"":12,""Amazon Prime"":12,""Amazon Prime Video"":12,""Starz"":12}","{""Dashpass"":12,""Uber Eats"":12}","{""Lyft"":23,""Uber"":12}","{""Affirm.com"":12,""Progressive Leasing"":12}","{""Apple Cash"":12}"
173393,223-222@5sy-d6f-rzf,SG_BRAND_a144a8c10e1fe8006125571afd1a1e80,Exxon Mobil,2022-06-01,2022-07-01,1783.67,40,30,27.35,23.74,"{""25"":14.31,""75"":68.15}","[46.00,59.85,10.00,99.65,310.11,0.00,157.36,60.31,76.34,10.01,15.90,186.94,9.72,0.00,0.00,276.32,25.29,19.92,0.00,0.00,49.83,0.00,250.00,59.50,0.00,44.40,0.00,0.00,16.22,0.00]","[46.00,59.85,10.00,39.50,72.20,null,53.96,30.16,38.17,10.01,7.95,23.95,9.72,null,null,69.12,25.29,19.92,null,null,49.83,null,125.00,59.50,null,22.20,null,null,16.22,null]","{""Monday"":9.72,""Tuesday"":207.19,""Wednesday"":122.53,""Thursday"":662.51,""Friday"":104.80,""Saturday"":135.47,""Sunday"":541.45}","{""Wednesday"":5,""Monday"":4,""Saturday"":4,""Thursday"":5,""Tuesday"":4,""Friday"":4,""Sunday"":4}",87.0,-67.0,3,38.89,"{""No intermediary"":40}","{""No intermediary"":1783.67}","{""1"":26,""2"":1,""3"":2,""4"":0,""5-10"":1,"">10"":0}","{""1"":30.27,""2"":128.97,""3"":179.13,""4"":null,""5-10"":509.51,"">10"":null}","{""25-45k"":2,""45-60k"":2,""60-75k"":2,""75-100k"":5,""100-150k"":5,"">150k"":8}","{""25-45k"":128.97,""45-60k"":46.40,""60-75k"":9.72,""75-100k"":31.10,""100-150k"":93.07,"">150k"":41.47}","{""Saint George, UT"":2,""Island Park, ID"":2,""Detroit Lakes, MN"":2,""Sandy, UT"":2,""Chicago, IL"":2,""Salina, KS"":2,""Yelm, WA"":2,""Charlotte, NC"":2,""Cypress, TX"":2,""Jerome, ID"":2,""Pocatello, ID"":2,""Denver, CO"":2,""Boise, ID"":2,""Riverton, UT"":2,""Alpharetta, GA"":2,""Athens, GA"":2,""Mechanicsburg, PA"":2,""Bozeman, MT"":2,""Grants, NM"":2,""Syracuse, NY"":2,""Orem, UT"":2,""Shelton, WA"":2,""Idaho Falls, ID"":2}","{""Walmart"":67,""Maverik"":47,""McDonald's"":44,""Target"":40,""Costco"":37,""Shell Oil"":37,""Chevron"":34,""Albertsons"":34,""Starbucks"":27,""ConocoPhillips"":27,""Verizon Wireless"":24,""Lowe's"":24,""Walgreens"":24,""Subway"":24,""The Home Depot"":20,""Papa Murphy's"":17,""Taco Bell"":17,""Ace Hardware"":17,""Dollar Tree"":17,""Big D"":14}","{""ExxonMobil"":100,""Amazon"":47,""Netflix"":34,""Apple"":30,""Amazon Marketplace"":20,""Target"":17,""Hulu"":17,""Comcast"":17,""Sirius XM"":14,""Etsy"":10,""Walmart"":10,""Verizon Wireless"":10,""Uber"":10,""The Home Depot"":10,""ConocoPhillips"":10,""Google"":10,""Amazon Digital Services"":10,""PayPal"":10,""Phillips 66"":10,""Planet Fitness"":7}","{""Shell Oil"":40,""Chevron"":34,""ConocoPhillips"":30,""Loaf 'N Jug"":17,""Phillips 66"":17,""Pilot Flying J"":14,""Stinker Stores"":14,""BP"":10,""Buc-ee's"":10,""Holiday Station"":10,""Love's Travel Stops and Country Stores"":10,""ARCO"":10,""Mr Gas"":7,""Yesway Convenience"":7,""QuikTrip"":7,""CITGO"":7,""Good 2 Go Stores"":7,""Marathon"":7,""Common Cents"":4,""TownPump Convenience Stores"":4}",{},"{""Verizon Wireless"":34,""Sprint"":7,""T-Mobile"":7}","{""Netflix"":34,""Hulu"":17,""HBO Max"":4,""YouTube TV"":4,""Dish Network"":4,""Disney Plus"":4}","{""Instacart"":7,""Uber Eats"":7,""DoorDash"":4,""Grubhub"":4,""Dashpass"":4}","{""Uber"":10,""Lyft"":4}",{},"{""PayPal"":10,""Apple Card"":7}"
175446,zzy-225@5sy-d6f-rx5,,,2022-07-01,2022-08-01,434.63,26,16,12.75,21.63,"{""25"":5.75,""75"":25.03}","[0.00,24.24,45.93,12.00,105.86,0.00,0.00,0.00,0.00,0.00,0.00,0.00,0.00,0.00,60.78,0.00,0.00,0.00,0.00,55.82,0.00,65.00,0.00,0.00,0.00,0.00,0.00,23.00,0.00,36.00,6.00]","[null,24.24,22.97,6.00,7.00,null,null,null,null,null,null,null,null,null,15.20,null,null,null,null,55.82,null,12.75,null,null,null,null,null,23.00,null,18.00,6.00]","{""Monday"":12.00,""Tuesday"":105.86,""Wednesday"":55.82,""Thursday"":23.00,""Friday"":125.78,""Saturday"":60.24,""Sunday"":51.93}","{""Wednesday"":4,""Monday"":4,""Saturday"":5,""Thursday"":4,""Tuesday"":4,""Friday"":5,""Sunday"":5}",,,0,0.0,"{""No intermediary"":26}","{""No intermediary"":434.63}","{""1"":8,""2"":7,""3"":0,""4"":1,""5-10"":0,"">10"":0}","{""1"":19.63,""2"":25.96,""3"":null,""4"":95.86,""5-10"":null,"">10"":null}","{""<25k"":2,""25-45k"":2,""45-60k"":2,""75-100k"":2,""100-150k"":4,"">150k"":5}","{""<25k"":25.50,""25-45k"":10.42,""45-60k"":30.89,""75-100k"":15.75,""100-150k"":48.53,"">150k"":29.75}","{""Idaho Falls, ID"":4,""Sandy, UT"":2,""Harvey, MI"":2,""Shelley, ID"":2,""Victor, ID"":2,""Ammon, ID"":2,""Chubbuck, ID"":2,""Nampa, ID"":2,""Billings, MT"":2,""Orem, UT"":2}","{""Walmart"":82,""Maverik"":75,""McDonald's"":63,""Wendy's"":57,""Costco"":57,""Chevron"":50,""Walgreens"":50,""Exxon Mobil"":50,""Albertsons"":44,""Taco Bell"":44,""Dairy Queen"":44,""Verizon Wireless"":38,""Shell Oil"":38,""Lowe's"":32,""Ace Hardware"":32,""Good 2 Go Stores"":32,""ULTA Beauty"":25,""Target"":25,""The Home Depot"":25,""Starbucks"":25}","{""Amazon"":57,""Walmart"":38,""Netflix"":32,""Spotify"":32,""Sirius XM"":25,""Verizon Wireless"":19,""Steam"":19,""Apple"":19,""Dashpass"":19,""Dairy Queen"":19,""Amazon Digital Services"":19,""Costa Vida"":19,""Papa Murphy's"":13,""Barclaycard US"":13,""Taco Bell"":13,""Goodwill"":13,""Poshmark"":13,""Maverik"":13,""Panda Express"":13,""AT&T"":13}","{""Econo Lodge"":7,""Sleep Inn"":7,""Delta Hotels"":7}","{""Exxon Mobil"":19}","{""Verizon Wireless"":50,""AT&T"":13}","{""Netflix"":32,""Hulu"":7,""Disney Plus"":7,""Youtube"":7}","{""Dashpass"":19}",{},{},"{""Apple Card"":7,""Venmo"":7}"
176734,223-222@5sy-d6f-dy9,,,2022-07-01,2022-08-01,4330.72,64,30,43.25,125.88,"{""25"":37.25,""75"":57.40}","[663.68,276.55,155.49,0.00,167.18,494.08,22.24,0.00,0.00,136.03,109.84,0.00,77.62,0.00,154.98,0.00,0.00,115.72,100.49,72.88,320.46,580.54,0.00,0.00,489.08,0.00,140.40,0.00,112.06,141.40,0.00]","[38.30,276.55,155.49,null,41.80,247.04,22.24,null,null,136.03,27.46,null,38.81,null,38.75,null,null,57.86,100.49,36.44,53.41,39.75,null,null,48.55,null,70.20,null,56.03,141.40,null]","{""Monday"":714.64,""Tuesday"":267.67,""Wednesday"":784.98,""Thursday"":342.70,""Friday"":1511.26,""Saturday"":417.95,""Sunday"":291.52}","{""Wednesday"":4,""Monday"":4,""Saturday"":5,""Thursday"":4,""Tuesday"":4,""Friday"":5,""Sunday"":5}",55.0,35.0,0,0.0,"{""No intermediary"":64}","{""No intermediary"":4330.72}","{""1"":9,""2"":15,""3"":1,""4"":4,""5-10"":1,"">10"":0}","{""1"":137.78,""2"":137.76,""3"":147.88,""4"":172.71,""5-10"":185.64,"">10"":null}","{""<25k"":2,""25-45k"":3,""45-60k"":2,""60-75k"":3,""75-100k"":4,""100-150k"":8,"">150k"":7}","{""<25k"":135.60,""25-45k"":84.53,""45-60k"":72.21,""60-75k"":22.70,""75-100k"":160.27,""100-150k"":119.15,"">150k"":213.93}","{""Cody, WY"":5,""Stafford, VA"":5,""Ringoes, NJ"":4,""Hayden, ID"":3,""Idaho Falls, ID"":3,""West Jordan, UT"":2,""Driggs, ID"":2,""Niceville, FL"":2,""Chicago, IL"":2,""Fresno, CA"":2,""Shelley, ID"":2,""Gainesville, FL"":2,""Boca Raton, FL"":2,""Whitefish, MT"":2,""Cooke City, MT"":2,""State College, PA"":2,""Cadiz, IN"":2,""Lexington, KY"":2,""Antioch, IL"":2,""Billings, MT"":2,""Bethesda, MD"":2,""Luther, MT"":2,""Fort Payne, AL"":2}","{""Walmart"":70,""McDonald's"":64,""Albertsons"":60,""ConocoPhillips"":50,""Exxon Mobil"":44,""Target"":37,""Taco Bell"":37,""Maverik"":37,""Ace Hardware"":34,""Costco"":34,""Dairy Queen"":34,""Chevron"":27,""Lowe's"":27,""Taco John's"":27,""The Home Depot"":27,""Wendy's"":27,""Chick-fil-A"":27,""Walgreens"":27,""PetSmart"":24,""Dunkin'"":24}","{""Amazon"":47,""Apple"":37,""Amazon Digital Services"":30,""Spotify"":27,""Verizon Wireless"":20,""Walmart"":17,""Hulu"":17,""Audible"":17,""Hotels.com"":14,""Netflix"":14,""Google Storage"":14,""Sam's Club"":14,""Airbnb"":10,""Fubo"":10,""Adobe Systems"":10,""AT&T"":10,""Comcast"":10,""Target"":7,""Papa Murphy's"":7,""Chewy"":7}","{""McDonald's"":64,""Taco Bell"":37,""Dairy Queen"":34,""Taco John's"":27,""Wendy's"":27,""Chick-fil-A"":27,""Burger King"":24,""Dunkin'"":24,""Arby's"":24,""Starbucks"":20,""Culver's"":20,""Subway"":20,""Panda Express"":17,""Domino's Pizza"":14,""IHOP"":10,""Sonic"":10,""Jimmy John's"":10,""Papa Murphy's"":10,""Freddy's Frozen Custard"":10,""Applebee's"":10}","{""Exxon Mobil"":27}","{""Verizon Wireless"":40,""AT&T"":20,""Google Fi"":4,""Disney Mobile"":4,""Boost Mobile"":4}","{""Hulu"":17,""Netflix"":14,""Fubo"":10,""Disney Plus"":10,""Amazon Prime Video"":4,""Youtube Premium"":4}","{""Dashpass"":7,""HelloFresh"":4,""Uber Eats"":4}",{},{},"{""Apple Card"":4}"
177104,223-222@5sy-d6f-nnq,,,2022-07-01,2022-08-01,456.54,10,7,28.38,29.28,"{""25"":15.56,""75"":83.91}","[335.64,0.00,0.00,0.00,0.00,0.00,0.00,0.00,0.00,0.00,29.28,0.00,0.00,0.00,0.00,51.04,0.00,0.00,0.00,0.00,0.00,0.00,21.58,0.00,0.00,0.00,19.00,0.00,0.00,0.00,0.00]","[83.91,null,null,null,null,null,null,null,null,null,14.64,null,null,null,null,25.52,null,null,null,null,null,null,21.58,null,null,null,19.00,null,null,null,null]","{""Monday"":29.28,""Tuesday"":0.00,""Wednesday"":19.00,""Thursday"":0.00,""Friday"":335.64,""Saturday"":72.62,""Sunday"":0.00}","{""Wednesday"":4,""Monday"":4,""Saturday"":5,""Thursday"":4,""Tuesday"":4,""Friday"":5,""Sunday"":5}",-48.0,-89.0,0,0.0,"{""No intermediary"":10}","{""No intermediary"":456.54}","{""1"":4,""2"":3,""3"":0,""4"":0,""5-10"":0,"">10"":0}","{""1"":22.91,""2"":121.64,""3"":null,""4"":null,""5-10"":null,"">10"":null}","{""45-60k"":2,""75-100k"":2,"">150k"":4}","{""45-60k"":22.57,""75-100k"":21.58,"">150k"":97.46}","{""Cleburne, TX"":3,""Ocala, FL"":2,""Ammon, ID"":2,""Bozeman, MT"":2,""Billings, MT"":2,""Idaho Falls, ID"":2}","{""Walmart"":72,""Maverik"":58,""Exxon Mobil"":58,""Shell Oil"":58,""Chevron"":43,""Albertsons"":43,""Lowe's"":43,""ConocoPhillips"":43,""Costco"":43,""Walgreens"":43,""Dairy Queen"":43,""Sam's Club"":43,""Advance Auto Parts"":29,""ULTA Beauty"":29,""Verizon Wireless"":29,""C-A-L Ranch Stores"":29,""Freddy's Frozen Custard"":29,""Taco Bell"":29,""The Home Depot"":29,""Jiffy Lube"":29}","{""Amazon"":72,""Netflix"":43,""Walmart"":29,""Papa Murphy's"":29,""Sirius XM"":29,""Apple"":29,""Maverik"":29,""Dashpass"":29,""Spotify"":29,""Amazon Digital Services"":29,""Amazon Marketplace"":29,""Cafe Rio"":29,""Verizon Wireless"":15,""Steam"":15,""Uber"":15,""YouTube TV"":15,""Barclaycard US"":15,""Scheels"":15,""Taco Bell"":15,""Holiday Station"":15}","{""Quality Inn"":15}","{""Exxon Mobil"":43}","{""Verizon Wireless"":29,""AT&T"":15}","{""Netflix"":43,""YouTube TV"":15,""Hulu"":15,""Youtube Premium"":15}","{""Dashpass"":29,""Uber Eats"":15}","{""Uber"":15}",{},{}
178601,zzy-222@5sy-d6f-k4v,,,2022-07-01,2022-08-01,747.48,12,6,16.0,27.27,"{""25"":11.52,""75"":18.14}","[0.00,0.00,0.00,0.00,0.00,0.00,0.00,0.00,0.00,10.92,0.00,20.80,604.80,0.00,58.66,0.00,0.00,0.00,0.00,0.00,33.74,0.00,0.00,0.00,0.00,0.00,0.00,18.56,0.00,0.00,0.00]","[null,null,null,null,null,null,null,null,null,10.92,null,10.40,302.40,null,14.67,null,null,null,null,null,16.87,null,null,null,null,null,null,18.56,null,null,null]","{""Monday"":0.00,""Tuesday"":20.80,""Wednesday"":604.80,""Thursday"":52.30,""Friday"":58.66,""Saturday"":0.00,""Sunday"":10.92}","{""Wednesday"":4,""Monday"":4,""Saturday"":5,""Thursday"":4,""Tuesday"":4,""Friday"":5,""Sunday"":5}",,,1,18.56,"{""No intermediary"":12}","{""No intermediary"":747.48}","{""1"":2,""2"":3,""3"":0,""4"":1,""5-10"":0,"">10"":0}","{""1"":14.74,""2"":219.78,""3"":null,""4"":58.66,""5-10"":null,"">10"":null}","{""<25k"":2,""60-75k"":3,""75-100k"":2,""100-150k"":3,"">150k"":2}","{""<25k"":18.56,""60-75k"":10.92,""75-100k"":33.74,""100-150k"":604.80,"">150k"":39.73}","{""Cody, WY"":5,""Bozeman, MT"":2,""Flensburg, MN"":2,""Alpharetta, GA"":2}","{""Albertsons"":67,""Exxon Mobil"":67,""Walmart"":50,""Target"":34,""ConocoPhillips"":34,""Walgreens"":34,""McDonald's"":34,""CVS"":34,""Patagonia"":17,""Trader Joe's"":17,""Fairfield Inn & Suites by Marriott"":17,""Kwik Trip"":17,""Gap"":17,""BP"":17,""Madewell"":17,""Jersey Mike's"":17,""Loaf 'N Jug"":17,""Sephora"":17,""Kroger"":17,""Marshfield Clinic"":17}","{""Apple"":67,""Spotify"":50,""Target"":34,""Amazon"":34,""Google"":34,""Netflix"":34,""Hulu"":34,""AT&T"":34,""Walmart"":17,""YouTube TV"":17,""Fandango"":17,""Airbnb"":17,""Sirius XM"":17,""Adobe Systems"":17,""DSW"":17,""Poshmark"":17,""Patreon"":17,""Amazon Digital Services"":17,""REI"":17,""Comcast"":17}","{""Fairfield Inn & Suites by Marriott"":17}","{""Exxon Mobil"":50}","{""AT&T"":50}","{""Hulu"":34,""Netflix"":34,""YouTube TV"":17,""Amazon Prime Video"":17}",{},{},{},{}
178730,zzw-222@5sy-d6f-f2k,,,2022-07-01,2022-08-01,1414.32,29,14,36.98,71.95,"{""25"":23.95,""75"":76.52}","[37.14,0.00,0.00,0.00,201.20,19.34,0.00,46.80,0.00,0.00,49.00,0.00,73.96,0.00,69.32,0.00,65.86,234.48,0.00,0.00,0.00,160.68,0.00,0.00,300.00,0.00,0.00,78.04,0.00,0.00,78.50]","[18.57,null,null,null,50.30,19.34,null,23.40,null,null,24.50,null,36.98,null,34.66,null,65.86,58.62,null,null,null,80.34,null,null,75.00,null,null,78.04,null,null,39.25]","{""Monday"":583.48,""Tuesday"":201.20,""Wednesday"":93.30,""Thursday"":78.04,""Friday"":313.94,""Saturday"":0.00,""Sunday"":144.36}","{""Wednesday"":4,""Monday"":4,""Saturday"":5,""Thursday"":4,""Tuesday"":4,""Friday"":5,""Sunday"":5}",75.0,-60.0,0,0.0,"{""No intermediary"":29}","{""No intermediary"":1414.32}","{""1"":4,""2"":8,""3"":1,""4"":0,""5-10"":1,"">10"":0}","{""1"":55.60,""2"":116.34,""3"":56.48,""4"":null,""5-10"":204.76,"">10"":null}","{""<25k"":3,""25-45k"":2,""45-60k"":2,""75-100k"":2,""100-150k"":4,"">150k"":2}","{""<25k"":150.00,""25-45k"":204.76,""45-60k"":75.83,""75-100k"":49.18,""100-150k"":114.38,"">150k"":92.07}","{""Fort Payne, AL"":4,""Harvey, MI"":2,""Blue Ash, OH"":2,""Cooke City, MT"":2,""Everett, WA"":2,""Portland, OR"":2,""Townsend, TN"":2,""Colorado Springs, CO"":2,""Nampa, ID"":2,""Billings, MT"":2,""Burley, ID"":2}","{""Walmart"":58,""Wendy's"":58,""United States Postal Service (USPS)"":58,""Maverik"":43,""Walgreens"":43,""Subway"":43,""Albertsons"":36,""Holiday Station"":36,""ConocoPhillips"":36,""Ace Hardware"":36,""Costco"":36,""Shell Oil"":36,""Chevron"":29,""Taco Bell"":29,""The Home Depot"":29,""Exxon Mobil"":29,""Verizon Wireless"":22,""BP"":22,""Domino's Pizza"":22,""WinCo Foods"":22}","{""Amazon"":58,""Apple"":36,""Netflix"":29,""Walmart"":22,""Chewy"":22,""Spotify"":22,""Amazon Marketplace"":22,""Target"":15,""Uber"":15,""Barclaycard US"":15,""Goodwill"":15,""Poshmark"":15,""Hulu"":15,""Xbox"":15,""Etsy"":8,""ADT Security Services"":8,""Payrange Inc"":8,""Verizon Wireless"":8,""Steam"":8,""HBO Max"":8}","{""Wendy's"":58,""Subway"":43,""Taco Bell"":29,""Domino's Pizza"":22,""Papa John's"":22,""Starbucks"":22,""McDonald's"":22,""Sonic"":15,""Marco's Pizza"":15,""Taco John's"":15,""Mackenzie River"":15,""Chick-fil-A"":15,""Dairy Queen"":15,""Cracker Barrel"":15,""IHOP"":8,""Jimmy John's"":8,""Chipotle Mexican Grill"":8,""Moxie Java"":8,""Freddy's Frozen Custard"":8,""KFC"":8}","{""Exxon Mobil"":15}","{""Verizon Wireless"":29,""AT&T"":15,""Straight Talk"":8,""MetroPCS"":8,""T-Mobile"":8}","{""Netflix"":29,""Hulu"":15,""HBO Max"":8,""Peacock"":8,""Amazon Prime Video"":8}","{""HelloFresh"":8}","{""Uber"":15}","{""Progressive Leasing"":8}","{""Apple Card"":8}"
